modelName,BRbsg,BrBsmumu,gminus2,finetuning,Omegahsq,Xenonxsec,pSDxsec,lsp
100008899,-8.0164179035,-19.595094746,-20.0148360329,2.63e+03,-2.25379492882,-104.044039902,-95.0695771911,Bino
100008934,-7.98951045058,-19.5446108406,-20.0548725209,6.86e+03,-2.92807362508,-104.843911855,-103.171643363,Bino
100011941,-8.02249694958,-19.5446108406,-20.0845748422,1.98e+03,-3.26754099685,-105.796696645,-98.8713970564,Bino
100017999,-8.06930736742,-19.5886431108,-19.9439409601,5.48e+02,-2.62693114982,-101.975392605,-92.5174051589,Bino
100018878,-8.00736806798,-19.59833624,-20.0540528067,1.64e+03,-2.70455631185,-106.271312665,-98.2227016384,Bino
100029771,-7.94904250103,-19.6213257582,-20.0092871468,2.42e+02,-2.80511191395,-109.140293233,-93.1763482617,Bino
100030028,-8.04718956217,-19.6015882753,-20.1299389917,1.08e+03,-2.35177533718,-112.74049186,-101.106729922,Bino
100036184,-8.06293791914,-19.7716079612,-20.1590890377,4.12e+02,-5.18677599182,-106.762884348,-97.7164318311,Bino
100042885,-8.03168537563,-19.5538844774,-20.1585203712,6.23e+02,-5.32466134189,-105.999040322,-99.0498998271,Bino
100043096,-8.1807209548,-19.604850921,-20.4019072381,2.22e+02,-2.60233974668,-102.118940776,-92.3442022063,Bino
100050341,-8.01339218259,-19.595094746,-19.9780007021,8.54e+02,-2.27302629075,-111.077469702,-95.0314773448,Bino
100053663,-7.96907178291,-19.5663846402,-19.9803765645,9.31e+02,-3.62309171358,-107.816034263,-95.8414734181,Bino
100057332,-7.98951045058,-19.7337246433,-22.1503821926,6.70e+02,-2.5770219387,-108.767952172,-99.4527695535,Bino
100058435,-7.99542762761,-19.604850921,-20.0226962706,4.23e+02,-2.43725999632,-107.533364732,-94.5579751698,Bino
100063421,-8.0194528072,-19.6015882753,-20.0155749309,1.30e+03,-3.73387682004,-110.921581402,-97.6604918153,Bino
100077029,-8.00436956499,-19.59833624,-20.0447248088,2.76e+03,-2.3947003819,-102.684165104,-91.9549837146,Bino
100082452,-7.99246466248,-19.5663846402,-20.0451307765,7.12e+03,-5.1060454789,-105.06449895,-106.236368509,Bino
100087980,-7.98951045058,-19.5538844774,-19.9885449445,6.09e+03,-2.73954086819,-108.099281738,-96.9989262068,Bino
100094639,-8.05345917518,-19.3419840177,-20.0405731143,5.84e+03,-2.33201390368,-102.770460917,-91.6912940689,Bino
100100172,-7.96043863576,-19.595094746,-20.022249698,7.50e+03,-2.42475272697,-106.891775361,-98.8541552499,Bino
100104814,-7.9806998209,-19.604850921,-20.0457400373,4.02e+03,-2.96811710652,-109.576295065,-98.6890754996,Bino
100106729,-8.00736806798,-19.6015882753,-20.0370425715,4.04e+03,-2.34028696018,-107.132937418,-98.2884530159,Bino
100107427,-8.05031945518,-19.6654755428,-20.1032271282,5.12e+02,-3.27280416689,-100.850010076,-96.316531818,Bino
100118386,-8.01339218259,-19.604850921,-20.0105611572,4.22e+02,-2.11196473339,-106.907775702,-92.7401705669,Bino
100126195,-7.88061636234,-19.595094746,-20.0407247022,3.38e+03,-3.11677060193,-107.503659578,-105.220779556,Bino
100128573,-7.9806998209,-19.59833624,-20.0268490075,7.47e+03,-3.68091128446,-103.978734803,-105.770494273,Bino
100130547,-7.96330807819,-19.3546264111,-19.9307259125,3.22e+02,-6.30891877789,-103.577108472,-93.3174268599,Bino
100133267,-7.99246466248,-19.6015882753,-20.0250316173,2.89e+03,-2.88240358825,-102.745035819,-96.9254869073,Bino
100137160,-7.90200755233,-19.4423319915,-19.9732658448,1.09e+03,-3.4482889892,-106.686785004,-100.000020423,Bino
100138720,-7.95757740348,-19.6114083215,-20.0377980677,1.02e+03,-2.12863178587,-106.203933233,-106.924036223,Bino
100142976,-7.95187938237,-19.6180090056,-19.8432242377,3.80e+02,-3.3581378922,-104.936835805,-98.2644710513,Bino
100143924,-7.998399398,-19.6015882753,-20.0416347123,7.87e+03,-3.14888345305,-104.743340948,-96.4309421692,Bino
100145187,-7.98656494035,-19.6380765686,-20.0411796037,5.89e+03,-2.38923289972,-104.028818908,-95.1295952008,Bino
100145581,-8.09192545601,-19.59833624,-20.0787313363,5.55e+02,-2.25379492882,-102.77908166,-91.4052689977,Bino
100145605,-7.91561320438,-19.6516822207,-20.0539503896,7.87e+02,-2.72265635349,-110.060350447,-95.745399588,Bino
100148114,-7.94904250103,-19.6585551,-20.0730261574,5.38e+02,-3.35526844977,-104.13049371,-91.371035826,Bino
100149645,-8.01339218259,-19.595094746,-20.0540015968,1.98e+03,-2.53957405113,-114.723789542,-102.653154867,Bino
100152331,-7.9806998209,-19.6147032174,-20.1647935597,2.63e+02,-2.81674961803,-105.832736581,-91.5610794289,Bino
100162386,-7.94621364483,-19.3988468795,-19.9855755936,1.82e+03,-2.87883852208,-106.542535396,-101.750699867,Bino
100164433,-7.94621364483,-19.6015882753,-20.0728695935,7.25e+02,-2.68092153371,-109.987591093,-99.7964214682,Bino
100164472,-8.00736806798,-19.6015882753,-20.0245840009,3.75e+02,-2.33924907737,-113.768278097,-92.0836010925,Bino
100164778,-8.0194528072,-19.6015882753,-20.0387558498,6.15e+03,-2.66642852641,-111.195470152,-97.995928319,Bino
100165786,-7.95187938237,-19.6015882753,-20.0400679872,5.53e+03,-2.15416508788,-109.291524203,-108.667786473,Bino
100167868,-7.99542762761,-19.604850921,-20.0407752366,2.30e+03,-2.42249538967,-107.998355819,-104.505491249,Bino
100195726,-8.02555038707,-19.604850921,-19.9008463207,2.80e+02,-2.53830742652,-103.323659571,-93.4390049666,Bino
100197349,-8.0164179035,-19.6015882753,-20.0269038295,2.05e+03,-3.39322921201,-103.115553897,-92.2426657871,Bino
100200714,-7.998399398,-19.4591391098,-20.0835194331,5.84e+03,-2.20727491319,-111.221239666,-103.178074254,Bino
100209118,-7.96043863576,-19.604850921,-20.0497093062,7.52e+02,-2.68238245435,-106.929515689,-99.1962844829,Bino
100214285,-8.00138002614,-19.6015882753,-20.0794139481,1.30e+03,-2.3351082847,-105.948343088,-94.849155788,Bino
100221001,-7.998399398,-19.6015882753,-20.0118367927,5.22e+03,-3.55434856116,-99.9630769083,-90.2853269422,Bino
100221164,-7.97486890059,-19.6081242463,-19.9966838803,3.58e+02,-2.48891467119,-101.821241925,-92.2346520064,Bino
100222486,-7.98656494035,-19.6015882753,-20.0173505171,1.73e+03,-2.3351082847,-107.31728122,-99.3258697436,Bino
100233658,-8.00138002614,-19.5695342491,-20.0234410016,5.36e+03,-4.39005880637,-101.173982149,-105.394185749,Bino
100234322,-7.98362808068,-19.5726938093,-20.0500152881,1.28e+03,-2.89860556282,-104.737187082,-97.9533687046,Bino
100247010,-8.10177775245,-19.5569948998,-19.9343540344,6.50e+02,-3.10778177736,-107.579645485,-98.7642989208,Bino
100248319,-8.1560283422,-19.4340331887,-20.3600125776,3.08e+03,-3.61191841298,-109.767962484,-95.8541585776,Bino
100254446,-8.1665363198,-19.538475852,-19.9900329328,6.90e+02,-2.97397078177,-104.464961268,-98.4688347079,Bino
100254492,-8.02555038707,-19.4203530848,-20.0094340652,7.27e+03,-5.10769700694,-112.969385859,-103.991750171,Bino
100263287,-8.01339218259,-19.595094746,-20.038402876,5.99e+03,-2.69414729593,-111.504913717,-103.806279769,Bino
100277203,-7.99542762761,-19.4848916059,-20.0522620211,1.43e+03,-4.98350662671,-102.302605516,-94.4541291881,Bino
100277677,-7.93777477618,-19.5918637255,-20.0205644436,5.64e+03,-5.64362855184,-111.938778299,-105.277060392,Bino
100280355,-8.02249694958,-19.604850921,-20.0587239134,2.98e+02,-2.81174543744,-102.020990197,-90.6355293716,Bino
100281133,-7.9806998209,-19.604850921,-19.9770519354,1.86e+03,-2.52323176411,-111.16844148,-97.2901797116,Bino
100282068,-8.10840029322,-19.6654755428,-20.0919940601,2.88e+02,-2.7504359176,-101.036112355,-90.92783039,Bino
100291514,-8.02555038707,-19.595094746,-19.9680832655,5.36e+02,-3.91703554725,-106.451644737,-98.2318341219,Bino
100297963,-8.0286131766,-19.5446108406,-20.0198713399,4.70e+03,-2.88419089882,-110.238905521,-103.103505558,Bino
100298802,-7.94621364483,-19.6147032174,-19.9643309158,4.28e+02,-2.49495698564,-106.203933233,-98.0032010783,Bino
100307276,-8.00736806798,-19.3988468795,-20.1266295568,3.24e+03,-4.40631932724,-108.42852354,-104.149059644,Bino
100308085,-7.9777801108,-19.6015882753,-19.993449272,2.45e+03,-2.26336437984,-103.794260393,-92.3493042582,Bino
100312876,-7.9211077237,-19.686528952,-20.1393756423,2.83e+02,-3.25969781939,-100.825164077,-90.8114200381,Bino
100315934,-7.86747556878,-19.7263172021,-19.9624600079,3.96e+02,-2.14558134418,-102.305297308,-92.4920117108,Bino
100316373,-7.94057982711,-19.604850921,-20.0166103064,1.36e+03,-3.82584530919,-116.170541872,-100.525286731,Bino
100324592,-7.95757740348,-19.6081242463,-20.0097279667,4.11e+02,-2.17155683059,-101.965749329,-92.7363969775,Bino
100325684,-8.05660878409,-19.4451136344,-19.9540839701,2.00e+03,-6.90775527898,-112.627818698,-100.313112211,Bino
100329180,-7.9806998209,-19.6015882753,-20.0526199217,8.33e+02,-2.2827824657,-101.236783051,-92.9852930249,Bino
100329844,-7.98656494035,-19.6347038841,-20.129386658,6.91e+02,-4.77477297037,-107.914014671,-99.6963380097,Bino
100333998,-7.96043863576,-19.604850921,-19.9545474695,5.33e+02,-2.2827824657,-101.695004511,-94.996579405,Bino
100338249,-8.00736806798,-19.6015882753,-20.0593929991,9.04e+02,-3.51324688547,-104.34614035,-98.2836103915,Bino
100338791,-8.02555038707,-19.579043037,-20.1568163094,4.78e+03,-6.33114191468,-114.723789542,-101.625718857,Bino
100340844,-8.05660878409,-19.6081242463,-20.1005411207,3.51e+02,-2.91692109313,-103.485300922,-91.8257719832,Bino
100344761,-8.00138002614,-19.5476925071,-19.9912345383,3.45e+03,-2.40572585191,-107.170677746,-98.3745821697,Bino
100353223,-8.06293791914,-19.2881813117,-20.0619189689,2.33e+03,-2.48410696962,-102.446947825,-91.7318401633,Bino
100359642,-7.99246466248,-19.4367918111,-20.0528756435,1.92e+03,-2.9798589244,-107.584922542,-97.9533687046,Bino
100360392,-7.97196614093,-19.5507836997,-19.8561653493,2.15e+03,-5.52396404808,-112.272784443,-100.198602501,Bino
100360624,-7.98951045058,-19.6180090056,-20.1449684981,5.89e+02,-6.32553965913,-102.87439184,-90.1632242454,Bino
100367047,-7.98951045058,-19.6015882753,-19.9967322374,6.40e+02,-3.01389624418,-106.284197596,-97.2227384308,Bino
100369152,-8.06930736742,-19.604850921,-19.9961521068,5.45e+02,-2.93746336543,-101.824569716,-92.0641830066,Bino
100376170,-7.96330807819,-19.6114083215,-20.0097769587,3.68e+02,-2.45806999583,-104.62145113,-90.7196124889,Bino
100377801,-8.07893826049,-19.523301054,-20.0798342486,1.86e+03,-2.92807362508,-109.189083397,-101.106729922,Bino
100379469,-7.90200755233,-19.6313425364,-20.5384474,3.10e+02,-2.70455631185,-101.983174746,-90.4999838797,Bino
100388712,-7.96330807819,-19.59833624,-20.0245840009,2.61e+03,-2.5536138478,-107.899415872,-102.903379377,Bino
100397772,-8.00138002614,-19.5854328351,-19.9480779461,2.44e+03,-3.54737989184,-108.108170685,-102.212686185,Bino
100397861,-8.00138002614,-19.6213257582,-20.0103650499,5.47e+02,-3.03863977457,-101.786952852,-91.6912940689,Bino
100397868,-7.97196614093,-19.6516822207,-19.8955877634,4.12e+02,-2.32483070194,-101.43478242,-95.5330005759,Bino
100410769,-7.91287722456,-19.604850921,-20.2538874031,1.31e+02,-3.79869432012,-99.7598188892,-90.5285572521,Bino
100422815,-7.98656494035,-19.6015882753,-20.031479582,8.20e+03,-2.13707065452,-109.987591093,-106.118585473,Bino
100426519,-7.98362808068,-19.604850921,-20.0352317058,2.20e+03,-4.56594947283,-111.942902017,-100.921702004,Bino
100428684,-7.94057982711,-19.6313425364,-20.1838527563,3.56e+02,-2.5969561536,-101.264953928,-91.1556143208,Bino
100430419,-7.98951045058,-19.6015882753,-20.0178936868,2.31e+03,-2.31871447492,-113.237649846,-101.604096393,Bino
100439475,-7.98362808068,-19.5053901275,-20.0034767254,2.63e+02,-4.9747856412,-104.104089536,-96.6316128646,Bino
100443883,-7.96618577802,-19.6972242411,-20.079361423,9.73e+02,-3.76360300031,-107.67917508,-100.651056119,Bino
100444382,-7.88592141457,-19.5354224146,-19.9789503698,1.22e+03,-3.19907319757,-110.4752943,-102.167060024,Bino
100445428,-8.00736806798,-19.5476925071,-20.0326969774,5.65e+03,-2.93557835073,-107.262149149,-104.654787551,Bino
100454137,-7.87271118284,-19.5726938093,-20.0569761106,3.03e+02,-2.38814298136,-103.12774917,-92.6395471515,Bino
100456617,-7.998399398,-19.604850921,-20.0481298892,3.66e+02,-3.05336138639,-101.284185289,-91.7598140154,Bino
100476591,-7.88858453199,-19.5354224146,-20.0228948113,5.77e+03,-2.3979952778,-109.265623474,-95.3197826644,Bino
100478308,-8.00138002614,-19.5476925071,-20.0213571507,4.01e+02,-2.15416508788,-102.841602017,-93.0949569361,Bino
100488230,-8.06930736742,-19.6114083215,-20.0713053007,3.83e+02,-2.62003932378,-102.903379377,-91.8963895504,Bino
100495054,-8.02249694958,-19.5918637255,-20.0803598728,6.38e+02,-4.35831010806,-105.736592721,-96.586356273,Bino
100502127,-7.95757740348,-19.595094746,-20.0102179947,3.52e+03,-3.95806694393,-103.012013218,-95.0522524074,Bino
100513370,-7.96618577802,-19.604850921,-20.1377038671,9.20e+02,-2.63945740964,-108.182278658,-98.4515432108,Bino
100515403,-7.97196614093,-19.604850921,-19.8570060387,2.24e+03,-3.05973760353,-108.392287692,-100.998933352,Bino
100518105,-8.1987394603,-19.5601150271,-20.1053811409,4.51e+02,-2.56006132339,-101.87586301,-92.1318031943,Bino
100521601,-8.07893826049,-19.4176393789,-20.1432873545,2.61e+02,-3.9899845469,-100.850010076,-93.9422547965,Bino
100527265,-8.00138002614,-19.595094746,-20.0195249682,5.39e+03,-2.77258872224,-101.377749422,-95.2569600785,Bino
100535040,-7.86486800538,-19.3908998179,-20.0240371861,3.94e+03,-2.4973841713,-102.712111034,-101.515860276,Bino
100535118,-8.07250737015,-19.5822328324,-20.0877477692,6.70e+02,-2.25379492882,-105.148806056,-97.0666784425,Bino
100541314,-7.88326537052,-19.6620093348,-19.9379953675,4.21e+02,-4.55638002182,-102.012909345,-93.6405209706,Bino
100546617,-8.00736806798,-19.604850921,-20.132151382,1.80e+02,-2.88061946645,-101.738392019,-91.5324241732,Bino
100551225,-7.95757740348,-20.1299389917,-20.0729739667,2.75e+03,-3.04282388109,-104.013826123,-102.61938055,Bino
100551747,-8.04718956217,-19.511324863,-20.0390080502,6.19e+02,-4.38202663467,-102.020990197,-94.8937491636,Bino
100554655,-8.0164179035,-19.6015882753,-20.5800316689,3.18e+02,-2.61729583783,-106.180279042,-95.4304217032,Bino
100556192,-7.89125476055,-19.604850921,-20.0133107047,3.97e+02,-4.18645985113,-105.430334263,-90.1718823082,Bino
100559571,-8.02249694958,-19.5476925071,-19.9921968634,3.51e+03,-4.17990245058,-106.769885543,-97.956846969,Bino
100559821,-8.00138002614,-19.604850921,-19.9348084766,3.00e+02,-3.24933503235,-100.605708299,-91.5100768745,Bino
100568403,-8.05345917518,-19.5263176476,-19.992630212,1.75e+03,-4.65121412449,-101.747608674,-96.2767914893,Bino
100577596,-8.00436956499,-19.6015882753,-20.001628386,6.59e+02,-2.72265635349,-108.649210088,-93.1940478388,Bino
100584117,-8.18788944427,-19.5354224146,-20.1932259943,9.26e+02,-3.75075485783,-98.9816001965,-93.0922651445,Bino
100590195,-7.998399398,-19.6015882753,-20.0238384184,3.96e+03,-2.56655063883,-107.59556094,-95.9065723203,Bino
100593542,-8.03168537563,-19.5918637255,-20.0381004261,4.09e+03,-2.47812966551,-106.551907535,-102.641769545,Bino
100603794,-7.9211077237,-19.6213257582,-19.604850921,4.24e+02,-2.48051630149,-102.232537954,-91.7885929799,Bino
100604187,-7.99542762761,-19.5354224146,-20.0585181309,1.44e+03,-2.42814831597,-105.467838658,-99.516997081,Bino
100605746,-7.9806998209,-19.6015882753,-20.0276417265,8.01e+03,-3.16296819293,-108.801317866,-100.463593162,Bino
100617242,-7.90200755233,-19.604850921,-20.0224977693,6.96e+02,-2.30258509299,-103.96164037,-93.8931651863,Bino
100620961,-7.97196614093,-19.5886431108,-20.0472648152,1.23e+03,-2.42814831597,-104.226975144,-97.3210631833,Bino
100623763,-7.91287722456,-19.6213257582,-19.9883051536,3.99e+02,-2.95459033022,-101.200415406,-91.5495186065,Bino
100626563,-7.9777801108,-19.6015882753,-20.0150822716,5.26e+03,-6.51571319121,-110.085829533,-97.0869103465,Bino
100636577,-7.94904250103,-19.6114083215,-20.1118711583,4.03e+02,-2.46863967732,-101.284185289,-91.9378892813,Bino
100639812,-8.00138002614,-19.595094746,-20.0577982255,7.07e+02,-3.19174715748,-104.522669586,-107.751495741,Bino
100641321,-8.06293791914,-19.5758633841,-19.6147032174,2.38e+02,-2.62279035715,-111.829720922,-97.2481419984,Bino
100642000,-7.96330807819,-19.6114083215,-20.0668863806,5.97e+02,-2.87174629377,-105.461489431,-94.28377118,Bino
100645615,-7.92663259963,-19.6015882753,-20.0380500267,1.13e+03,-2.64085895156,-108.339157414,-100.539016924,Bino
100645828,-7.9777801108,-19.3804010338,-19.9212642515,4.72e+02,-2.59427518684,-103.46790918,-96.1097374047,Bino
100652347,-7.90471391392,-19.6147032174,-20.1010777453,8.07e+02,-2.4168742394,-105.927955022,-98.5729040678,Bino
100652578,-8.00736806798,-19.7080351572,-21.8319284615,4.69e+02,-2.27302629075,-101.394954147,-92.1663435195,Bino
100655533,-8.0286131766,-19.6900813536,-19.3001575027,3.33e+02,-2.17155683059,-100.949100978,-92.3844412495,Bino
100656999,-7.9806998209,-19.479111243,-20.0546675293,3.45e+03,-2.59427518684,-107.228247598,-100.132016896,Bino
100660053,-7.98656494035,-19.6015882753,-20.0252853556,5.38e+03,-3.24676102836,-110.708007302,-96.3864904066,Bino
100660594,-8.02555038707,-19.5854328351,-20.1102447009,2.92e+02,-2.81842325858,-104.14565828,-96.3031087976,Bino
100666902,-8.02555038707,-19.5918637255,-19.986101771,7.79e+02,-3.480240589,-108.367681881,-99.3313642629,Bino
100668999,-8.11841707146,-19.6147032174,-20.3211396301,3.24e+02,-3.26491976337,-103.942059325,-91.9636417774,Bino
100670348,-8.02249694958,-19.5886431108,-20.0082104043,3.88e+03,-2.1202635362,-110.649647687,-100.385524789,Bino
100675553,-8.00138002614,-19.6246535483,-20.0565653064,3.14e+02,-2.87528612048,-101.341115289,-91.5495186065,Bino
100682232,-8.0194528072,-19.579043037,-20.0754821981,2.20e+03,-2.51330612431,-110.484863751,-98.8978303134,Bino
100682690,-7.97486890059,-19.6246535483,-20.0541040191,7.04e+02,-4.00085421913,-99.0012086679,-92.9198491167,Bino
100693232,-8.00736806798,-19.604850921,-20.0184371516,4.92e+02,-3.21388828336,-100.998933352,-91.6716213033,Bino
100694751,-8.11506698457,-19.3856366478,-19.9402779524,5.96e+03,-4.98496754735,-99.5820885466,-92.2982027981,Bino
100696665,-8.02555038707,-19.4648048473,-20.0505764983,5.20e+03,-4.15409456663,-110.867984216,-102.255352632,Bino
100701388,-7.998399398,-19.4367918111,-20.0631068322,5.10e+03,-2.13707065452,-109.846050921,-95.1588859977,Bino
100701442,-7.89661670369,-19.6147032174,-20.0541040191,3.70e+02,-5.21950618612,-101.246085443,-92.8605562303,Bino
100702461,-7.89393213832,-19.5854328351,-20.0168569824,3.88e+03,-2.21640739675,-109.925247963,-100.777250721,Bino
100708474,-8.03168537563,-19.5726938093,-19.7127564298,2.00e+03,-2.86821895326,-109.11309749,-100.794950298,Bino
100718060,-8.03785823474,-19.6015882753,-20.0542064519,1.39e+03,-2.2827824657,-104.437309737,-95.6789544886,Bino
100719526,-7.98951045058,-19.6015882753,-20.0354830189,4.61e+03,-2.64930970608,-108.182278658,-102.531139916,Bino
100720594,-8.02555038707,-19.5446108406,-20.0453845901,2.81e+03,-2.73336800909,-109.627996439,-99.8008170797,Bino
100720928,-7.9547243345,-19.5476925071,-20.0086507498,3.65e+02,-3.74650856695,-106.762884348,-97.1930822212,Bino
100727093,-8.06293791914,-19.6900813536,-19.924408202,3.22e+02,-2.30458709566,-102.879165119,-90.1433089357,Bino
100728780,-7.94904250103,-19.8190476863,-20.0639340049,2.10e+03,-6.01575723968,-112.704451924,-101.796630347,Bino
100732801,-7.99542762761,-19.604850921,-19.9742110244,3.61e+02,-2.47456035773,-102.558538891,-92.8952668733,Bino
100740956,-7.91835669033,-19.3804010338,-20.0454861335,2.31e+03,-4.61219480093,-107.943867634,-105.130456917,Bino
100749440,-7.9806998209,-19.6015882753,-20.0173011527,1.89e+03,-5.73527314175,-107.090097259,-99.6555160151,Bino
100749579,-8.01037558905,-19.6936464198,-20.2507653275,4.67e+02,-2.18036746027,-101.985129781,-92.8352917286,Bino
100751938,-7.9777801108,-19.6114083215,-20.0018227872,2.08e+03,-3.02825546526,-99.9973358581,-90.4761258892,Bino
100753423,-7.96907178291,-19.6347038841,-20.0679243711,1.24e+03,-2.66212126921,-102.792153742,-92.1515440951,Bino
100756219,-7.98951045058,-19.5476925071,-20.1069997007,1.57e+03,-3.32701798349,-108.221499371,-101.778959204,Bino
100768976,-8.12177841916,-19.3147208669,-20.0951906531,4.58e+03,-2.90589156955,-113.59238743,-104.283808619,Bino
100770059,-7.88061636234,-19.4258026895,-19.9742110244,4.96e+02,-2.36659042297,-104.313484387,-93.7962232411,Bino
100784390,-8.09192545601,-19.5918637255,-19.9862931768,4.45e+02,-2.39579747472,-100.921702004,-92.4222325212,Bino
100790836,-7.88326537052,-19.5507836997,-20.2811474112,5.95e+02,-3.88246420319,-109.782147119,-99.1458339021,Bino
100791124,-7.87271118284,-19.579043037,-20.03860456,1.39e+03,-2.71658653212,-105.014696127,-99.6904032741,Bino
100806292,-7.99542762761,-19.6213257582,-20.0877477692,8.76e+02,-2.17155683059,-107.012539025,-99.9476524379,Bino
100810504,-7.92940652651,-19.6246535483,-20.0698995264,4.87e+02,-5.28047744842,-102.964003999,-91.3425978907,Bino
100814546,-8.04718956217,-19.579043037,-20.0800970262,4.52e+02,-3.19418321228,-102.316137523,-91.361466375,Bino
100825620,-8.0164179035,-19.6015882753,-20.0075258077,8.00e+02,-5.69581430501,-105.309148706,-97.2227384308,Bino
100849815,-7.94904250103,-19.579043037,-20.0499642846,2.20e+03,-3.3696987146,-109.103388676,-102.34656864,Bino
100854108,-7.94339276849,-19.4451136344,-20.0048896023,2.87e+03,-2.2827824657,-108.267543309,-102.761913857,Bino
100863424,-8.0286131766,-19.6081242463,-20.0754298791,4.87e+02,-2.8612013806,-101.596107003,-92.00809354,Bino
100868271,-7.94057982711,-19.6380765686,-19.9948963107,3.32e+02,-3.93734081341,-102.242613606,-92.6276523639,Bino
100876398,-7.9074276198,-19.6147032174,-19.959194318,5.21e+02,-7.48578965244,-102.757667566,-93.3763693956,Bino
100877491,-7.99542762761,-19.6015882753,-20.0199703253,4.75e+03,-2.57439381629,-114.233166625,-107.297240469,Bino
100878373,-7.99542762761,-19.5886431108,-20.0241862877,7.41e+03,-3.07477548089,-101.218433912,-90.6588404505,Bino
100894701,-7.97486890059,-19.604850921,-19.9978450958,4.90e+02,-6.3144284337,-110.626117189,-103.965886661,Bino
100898598,-8.17715588863,-19.5538844774,-19.4203530848,3.83e+02,-3.70095203535,-100.998933352,-91.8963895504,Bino
100904598,-7.98362808068,-19.6313425364,-20.2414571623,4.06e+02,-2.64507540194,-101.795010913,-90.5473665841,Bino
100906930,-7.88061636234,-19.6414606666,-20.0679243711,4.33e+02,-3.36390159692,-104.875110226,-92.0836010925,Bino
100911828,-7.98951045058,-19.604850921,-19.9366283133,3.93e+02,-2.44876760317,-100.748430283,-92.6655226379,Bino
100912543,-7.94904250103,-19.604850921,-20.0474682947,6.63e+02,-3.4737680745,-111.724729478,-99.0111589987,Bino
100918575,-8.08866281038,-19.595094746,-20.0090423308,3.86e+02,-2.87174629377,-103.940675242,-96.7166060774,Bino
100919977,-7.99246466248,-19.520293533,-20.0701076646,5.02e+02,-2.13707065452,-104.138890065,-95.5836443088,Bino
100927290,-8.15951874714,-19.6114083215,-20.0498112897,4.51e+02,-2.59829933714,-101.891778465,-91.2618365341,Bino
2000052,-7.86486800538,-19.3546264111,-19.9629274068,4.47e+02,-4.72508048266,-102.19322085,-95.4472760348,Wino
2000768,-7.99542762761,-19.4705028685,-19.9936902998,7.02e+03,-4.11047394415,-107.849935814,-102.349381581,Wino
2000906,-7.9777801108,-19.604850921,-19.7662171126,3.88e+02,-4.88224207933,-102.232537954,-94.2404743743,Wino
2001143,-7.93777477618,-19.595094746,-19.95176969,1.12e+03,-7.06792403113,-106.820316397,-98.9249813025,Wino
2001245,-8.02249694958,-19.461967966,-20.0872182484,7.28e+03,-5.20300718674,-113.265174519,-104.505491249,Wino
2001406,-8.00138002614,-19.604850921,-20.2128402932,9.05e+02,-8.14218729079,-109.545758341,-97.6974353305,Wino
2001470,-8.00736806798,-19.6380765686,-20.0851029647,3.87e+02,-5.05930046608,-102.783420062,-93.7747170359,Wino
2001614,-8.0164179035,-19.6015882753,-19.9817571555,4.35e+02,-6.03646191304,-103.558060277,-94.7727140925,Wino
2002205,-7.998399398,-19.4591391098,-19.9784754232,3.19e+03,-6.77672701658,-108.344797587,-101.915224084,Wino
2002381,-7.9777801108,-19.6114083215,-20.0631585105,1.60e+03,-4.07454193493,-106.612061458,-98.4983353723,Wino
2002593,-8.09192545601,-19.59833624,-19.8142011502,4.71e+02,-5.68104298769,-104.426010182,-95.9907341126,Wino
2002963,-7.98362808068,-19.604850921,-20.0229940964,2.04e+02,-6.04909365994,-101.156740343,-92.7806775512,Wino
200305,-8.00436956499,-19.604850921,-20.0532849344,4.38e+03,-5.35806737095,-108.099281738,-97.6050620103,Wino
200357,-7.96043863576,-19.6015882753,-20.0044021779,2.54e+03,-6.07920346142,-107.346030633,-101.02856515,Wino
2003602,-8.0164179035,-19.6015882753,-20.1080801979,1.64e+03,-4.8743576758,-108.533474136,-99.0666717087,Wino
2003625,-7.95757740348,-19.6081242463,-20.0762673124,1.04e+03,-8.19510969225,-108.498571264,-97.9995580871,Wino
2003671,-8.07250737015,-19.4563182335,-20.0861600473,3.99e+03,-2.97789235543,-111.724729478,-99.5558861742,Wino
2003700,-7.98362808068,-19.5822328324,-19.9984262097,3.20e+03,-6.50229017087,-107.83623697,-100.586195484,Wino
2004008,-8.00138002614,-19.5854328351,-20.049097623,6.97e+03,-5.43757943388,-113.896694389,-102.294573345,Wino
2004022,-7.99246466248,-19.6015882753,-20.0257581771,7.41e+03,-2.52198565803,-105.996875819,-102.077313737,Wino
2004178,-8.00138002614,-19.6015882753,-20.3482599363,3.29e+02,-4.32753844939,-102.87439184,-94.2404743743,Wino
2004388,-8.03168537563,-19.4095421687,-20.1867724664,3.31e+03,-6.21962064025,-115.154572458,-100.651056119,Wino
2004663,-8.0286131766,-19.5083530926,-20.0053284876,1.31e+03,-6.88795265169,-106.957372644,-98.5474249825,Wino
2004871,-7.94057982711,-19.6081242463,-19.3344745956,2.67e+02,-5.69284253462,-102.846220963,-94.1748770918,Wino
2005176,-8.00436956499,-19.5538844774,-20.0856313663,6.20e+03,-6.22972173623,-112.644348,-102.068766676,Wino
2005179,-8.0194528072,-19.6015882753,-20.0376469228,1.95e+03,-6.52931884326,-107.590227594,-99.0848055389,Wino
2005382,-7.96618577802,-19.538475852,-20.0053284876,5.65e+03,-6.16106733149,-108.491996618,-99.2157261645,Wino
2005768,-7.98951045058,-19.520293533,-19.8982135855,2.98e+03,-8.03476704217,-108.752527702,-103.308844485,Wino
2006063,-8.02249694958,-19.5415386416,-20.1026893492,4.99e+03,-4.79996926429,-111.458030131,-102.453178375,Wino
2006262,-8.0194528072,-19.538475852,-19.8536475133,6.27e+03,-7.96330807819,-109.516126543,-104.784291552,Wino
2006601,-7.9806998209,-19.6015882753,-19.935717981,1.45e+03,-5.08805644106,-106.060477842,-99.0395584733,Wino
2006755,-8.03785823474,-19.5854328351,-20.2164482346,2.78e+02,-6.1563391903,-104.507927304,-94.5441021149,Wino
2007578,-8.05345917518,-19.3882647702,-20.2200692403,3.61e+02,-5.2287913039,-104.152472616,-94.0695165761,Wino
200803,-7.96618577802,-19.59833624,-19.9610591205,3.51e+03,-4.31999124375,-107.149915754,-101.911581092,Wino
2008195,-7.9547243345,-19.5293433685,-20.0978623085,7.94e+02,-7.96330807819,-108.135321674,-97.275969881,Wino
2008819,-7.998399398,-19.6015882753,-20.0541552342,1.90e+03,-6.23481080574,-109.987591093,-100.305786171,Wino
2008874,-8.00436956499,-19.595094746,-20.0185359951,2.75e+03,-7.33546599604,-108.135321674,-100.002712215,Wino
2008945,-7.96618577802,-19.7080351572,-19.7986101887,2.71e+02,-6.96538439182,-102.041482717,-92.0836010925,Wino
200944,-7.89930849536,-19.5695342491,-19.9083435995,1.60e+03,-3.55085815622,-109.958770655,-94.5685077423,Wino
2009441,-8.04406943483,-19.5886431108,-20.0209607186,2.61e+03,-5.33705819486,-107.109641855,-100.534419215,Wino
2009487,-7.91014870991,-19.5538844774,-19.9610591205,9.90e+02,-6.45667965962,-105.442680099,-98.082939696,Wino
2010078,-8.18429877614,-19.4507002412,-20.0698995264,3.32e+03,-7.07973054372,-108.940990527,-100.01083134,Wino
2010136,-7.96330807819,-19.6516822207,-20.0545138132,4.42e+03,-3.4999133546,-108.201696743,-100.737130727,Wino
2010272,-7.96907178291,-19.604850921,-19.982758085,6.36e+02,-7.02992291296,-105.370792869,-96.8330039841,Wino
2010303,-8.00736806798,-19.5854328351,-20.1545487348,5.19e+03,-4.17990245058,-110.778976713,-102.837004308,Wino
2010474,-8.02555038707,-19.5083530926,-19.9999774995,5.99e+03,-2.46040917819,-106.477530565,-99.5927648046,Wino
201051,-7.97486890059,-19.604850921,-20.0376469228,1.12e+03,-6.97710535712,-106.650802287,-98.9158488189,Wino
2010681,-7.98951045058,-19.59833624,-19.9780007021,2.42e+03,-5.69581430501,-107.146496948,-99.8930483039,Wino
20107,-8.0164179035,-19.5293433685,-19.9966355256,1.47e+03,-6.50229017087,-107.262149149,-98.6675692944,Wino
201082,-8.0164179035,-19.5918637255,-19.9212642515,2.99e+03,-7.52951246346,-108.467399909,-100.259432062,Wino
2010942,-7.96618577802,-19.6114083215,-20.0051334037,1.09e+03,-7.77763963804,-107.136310102,-98.0068573895,Wino
2011092,-7.95187938237,-19.5663846402,-19.973738323,1.31e+03,-4.9747856412,-105.176976933,-98.4515432108,Wino
2011302,-8.04406943483,-19.5726938093,-20.1416090324,4.99e+02,-3.84436435695,-102.586709768,-94.6976789066,Wino
201140,-8.20238245158,-19.3571741831,-19.8641805788,9.44e+02,-7.32782653948,-106.832708129,-97.6709085761,Wino
2011479,-8.02555038707,-19.5538844774,-19.932538328,4.56e+03,-7.0562552873,-108.252990038,-102.749228697,Wino
2011766,-8.10508354059,-19.604850921,-20.0525687852,3.18e+02,-5.69284253462,-102.064520385,-92.3006358893,Wino
2011848,-7.98656494035,-19.6015882753,-20.0430519318,4.87e+03,-5.47267075369,-109.370352876,-101.46108468,Wino
2011857,-7.98362808068,-19.5538844774,-20.1304916305,4.70e+03,-3.82126864216,-111.837128363,-100.895033757,Wino
2012330,-8.19149305178,-19.5601150271,-19.7400643998,3.45e+02,-5.81248189158,-103.780025277,-95.3894882943,Wino
2012379,-8.04095901242,-19.3804010338,-19.9311787085,1.79e+03,-4.12274403674,-105.266589092,-98.6890754996,Wino
2012555,-7.94904250103,-19.4676497995,-19.912780164,4.80e+03,-6.60027057923,-108.235598295,-98.9249813025,Wino
201270,-8.0194528072,-19.4340331887,-19.9352631254,1.08e+03,-4.39005880637,-104.550274852,-101.586866013,Wino
2012968,-7.9547243345,-19.5695342491,-20.0197228802,6.48e+02,-7.22796054314,-105.006631567,-96.8758098251,Wino
201439,-8.06293791914,-19.4648048473,-20.0629001459,4.27e+03,-5.52647345969,-109.333196899,-99.3865799855,Wino
2015053,-7.9777801108,-19.4705028685,-19.9172364993,4.28e+03,-4.16048436473,-107.558811398,-101.598763047,Wino
2015312,-8.00436956499,-19.4285386694,-20.1249789374,3.13e+03,-4.88092368757,-109.022231762,-101.538138425,Wino
2015562,-7.96618577802,-19.5695342491,-20.012524348,3.78e+03,-6.57128304236,-108.260240199,-101.165324087,Wino
201558,-7.9547243345,-19.604850921,-20.0429506352,3.20e+03,-6.01166725443,-109.058516922,-100.335417969,Wino
2015617,-7.93497757156,-19.604850921,-19.9844285305,9.34e+02,-3.26491976337,-102.841602017,-97.6735298096,Wino
2015652,-8.08541077499,-19.6015882753,-20.0851029647,1.11e+03,-3.27544617636,-108.544463257,-97.632392904,Wino
2015824,-7.96043863576,-19.6246535483,-19.9564036186,4.48e+02,-6.52931884326,-103.657151179,-94.719330632,Wino
2016052,-7.98656494035,-19.5854328351,-19.9955723126,1.55e+03,-3.399199379,-104.545198699,-99.7204355612,Wino
2016265,-8.05660878409,-19.59833624,-20.0914622866,1.61e+03,-7.48223092982,-108.813896648,-102.612027576,Wino
2016270,-8.17360348703,-19.5854328351,-20.0214067158,5.52e+02,-6.21460809842,-104.640762075,-96.9519201644,Wino
201674,-8.00138002614,-19.6081242463,-20.0127208792,6.84e+02,-8.04406943483,-106.937791598,-97.0796375871,Wino
2017369,-7.97486890059,-19.7449397142,-19.59833624,2.09e+02,-7.82404601086,-103.577108472,-93.0736227937,Wino
2017468,-7.88592141457,-19.6081242463,-19.511324863,4.82e+02,-7.45075980111,-101.209384076,-90.9094812513,Wino
2017650,-7.8596731885,-19.5354224146,-20.0555903224,5.33e+03,-3.74650856695,-109.656983976,-101.756911067,Wino
2017926,-8.04406943483,-19.51729503,-20.2110411923,2.44e+03,-4.43965574751,-107.998355819,-99.663164236,Wino
2018069,-7.98362808068,-19.595094746,-20.017153074,7.19e+03,-3.89222037813,-104.503061114,-94.3667680996,Wino
2018650,-7.92940652651,-19.6015882753,-20.0220016883,5.76e+02,-6.19971948593,-103.960228937,-96.3579170341,Wino
2019058,-8.00436956499,-19.5918637255,-20.0213571507,7.48e+03,-7.85708586493,-109.953104917,-103.632458567,Wino
2019060,-7.98951045058,-19.604850921,-20.0373950654,3.41e+03,-7.03105349533,-107.333608113,-104.790743187,Wino
2019201,-8.01037558905,-19.3470218117,-20.0691713837,6.39e+03,-5.84996498483,-110.58277346,-106.596188109,Wino
2020105,-7.98656494035,-19.6015882753,-20.0946571775,2.69e+03,-6.38302675005,-108.566810556,-100.825164077,Wino
2020156,-7.94057982711,-19.5822328324,-19.8386721918,2.03e+03,-7.37137930126,-107.892195624,-102.202906156,Wino
2020301,-7.9806998209,-19.4535052921,-19.9761040681,3.42e+03,-2.7952434128,-105.974426988,-103.558060277,Wino
2020525,-8.01339218259,-19.5695342491,-20.0994687345,4.99e+03,-3.87762157871,-109.753976242,-101.991017923,Wino
202053,-8.12177841916,-19.6313425364,-20.2747412394,3.30e+02,-6.94961948308,-106.041081912,-94.1828452614,Wino
2021212,-7.99246466248,-19.5758633841,-20.0725043729,4.87e+02,-5.8361716627,-108.191940568,-96.2898635709,Wino
2021254,-7.98951045058,-19.604850921,-20.0153778381,4.04e+02,-7.21292266577,-103.606378854,-94.4302815053,Wino
2022409,-7.93218816948,-19.604850921,-19.8105816007,7.47e+02,-8.06293791914,-105.626244664,-99.6612466898,Wino
2022638,-8.03168537563,-19.5415386416,-20.0445726134,6.40e+03,-6.66873837851,-112.238882892,-99.6422707884,Wino
2022736,-8.00436956499,-19.5446108406,-20.131044575,6.34e+03,-5.37304091274,-109.947471099,-102.150761643,Wino
2022869,-8.02555038707,-19.5507836997,-19.9476174349,2.92e+03,-4.63048799397,-107.177695319,-100.125900669,Wino
202302,-8.17006366032,-19.7374490424,-20.1393756423,4.12e+02,-5.08805644106,-101.227566395,-91.724967284,Wino
2023145,-8.14218729079,-19.6180090056,-20.7212678343,2.94e+02,-7.36031199462,-102.576052473,-90.8650294887,Wino
202326,-8.06293791914,-19.579043037,-20.1043035546,7.92e+02,-4.47414192358,-106.045611931,-97.5928815918,Wino
2023540,-8.04718956217,-19.4965535457,-20.0045483803,7.09e+03,-3.99540461437,-107.921394778,-102.112251788,Wino
2024178,-8.00436956499,-19.6015882753,-19.9929673908,5.20e+02,-6.94441926335,-105.6720542,-96.4159042918,Wino
2024424,-7.96618577802,-19.604850921,-19.9940278362,5.14e+03,-4.62537289331,-107.419497785,-103.476567242,Wino
2024642,-7.98951045058,-19.3935418273,-20.1728349586,4.27e+02,-3.95806694393,-103.346302048,-94.3764300105,Wino
2024927,-8.07250737015,-19.5476925071,-20.2601609494,3.09e+03,-6.33114191468,-109.11309749,-99.3424447087,Wino
2025261,-7.998399398,-19.5854328351,-19.9928228716,2.62e+02,-7.11477944842,-104.597158438,-95.079333366,Wino
2025270,-8.12515110364,-19.4507002412,-20.2973447203,1.40e+03,-4.02855682168,-107.080466366,-98.7335272621,Wino
2025439,-7.9547243345,-19.604850921,-20.0110025392,2.14e+03,-5.49433225047,-106.089702599,-104.373481695,Wino
202578,-7.96618577802,-19.6015882753,-20.0187831467,4.16e+03,-5.79919265946,-108.332430931,-96.6503049976,Wino
202591,-7.96907178291,-19.5822328324,-19.8170254409,1.13e+03,-4.70168108637,-105.394185749,-98.1610080694,Wino
2026070,-7.9777801108,-19.6081242463,-20.078678847,1.13e+03,-5.33913936107,-107.914014671,-98.0142103639,Wino
2026617,-7.9211077237,-19.4423319915,-20.0695353888,4.48e+03,-3.84904820627,-110.465815556,-102.446947825,Wino
2027267,-7.9806998209,-19.5918637255,-20.1091618637,1.06e+03,-6.12385373515,-109.930757618,-97.8051881918,Wino
2027752,-8.00138002614,-19.6015882753,-20.0105121267,3.95e+03,-5.79589776356,-106.760561467,-100.837509913,Wino
2028436,-8.03168537563,-19.6015882753,-19.9559392582,8.32e+02,-6.18991548583,-105.06449895,-97.4488126938,Wino
2028774,-8.03785823474,-19.4648048473,-19.9929192154,4.35e+03,-2.40130106593,-105.695770726,-100.520751576,Wino
202883,-7.9211077237,-19.6015882753,-20.0215058533,6.50e+03,-3.51660823317,-106.697619347,-100.843740462,Wino
2029340,-7.998399398,-19.6015882753,-19.9199198641,3.24e+03,-6.7007411096,-107.849935814,-100.446643604,Wino
20294,-8.04718956217,-19.5083530926,-19.9947997763,2.82e+03,-4.29035944615,-106.152108165,-99.8978909284,Wino
2029440,-7.93777477618,-19.5886431108,-20.0173011527,2.35e+03,-6.1563391903,-106.642520666,-99.9973358581,Wino
2029623,-8.06930736742,-19.6015882753,-20.0543601208,4.01e+02,-3.83970234385,-101.72171233,-93.8991712104,Wino
2029832,-7.99542762761,-19.5886431108,-20.1444078028,4.22e+02,-6.84948637086,-110.514134133,-96.0356294325,Wino
2029972,-7.97486890059,-19.4041802255,-20.0745931465,1.28e+03,-3.95284499995,-108.702766192,-98.255037019,Wino
2030146,-7.94904250103,-19.604850921,-20.0666789117,1.28e+03,-8.11841707146,-107.033655948,-98.4068430319,Wino
2030245,-8.01037558905,-19.604850921,-19.9087863712,4.37e+02,-5.21950618612,-103.715045158,-95.730247783,Wino
2030983,-8.05031945518,-19.6620093348,-20.0627968188,2.41e+03,-5.07517381523,-111.036578145,-101.621628872,Wino
2031104,-8.00436956499,-19.604850921,-20.0543601208,4.81e+02,-5.41710090254,-105.969155494,-96.0458859327,Wino
2031967,-7.9547243345,-19.604850921,-20.0409773997,7.85e+02,-5.92567680657,-110.889367782,-97.1060708442,Wino
2032058,-7.92386634614,-19.5601150271,-20.0095320228,4.04e+03,-5.57538925989,-107.12957607,-101.483346876,Wino
2032353,-8.0194528072,-19.59833624,-20.0131140576,3.73e+03,-5.8396021978,-107.899415872,-101.227566395,Wino
2032499,-8.0286131766,-19.5354224146,-20.4026326644,2.27e+02,-5.44681737487,-103.485300922,-93.9807210774,Wino
2032547,-7.96618577802,-19.5854328351,-19.9951859698,4.43e+03,-5.33084055825,-107.856856257,-101.059101873,Wino
2032887,-7.93777477618,-19.59833624,-20.186187842,4.97e+03,-7.26157715394,-108.84139609,-101.397125701,Wino
2032960,-8.00436956499,-19.3196228375,-19.945777508,2.38e+03,-6.53619172255,-107.099821809,-100.245591011,Wino
2033230,-8.00138002614,-19.6015882753,-20.0497602966,3.19e+03,-5.2610215818,-108.968047328,-100.259432062,Wino
2033591,-7.9547243345,-19.5323782722,-20.0925261165,3.02e+03,-6.20962055691,-109.333196899,-100.748430283,Wino
2033823,-7.99542762761,-19.4733641007,-19.660971811,2.72e+03,-5.78607771738,-107.667614257,-101.656234401,Wino
2033830,-7.93497757156,-19.6015882753,-19.9924857416,4.73e+03,-4.18645985113,-106.443162922,-94.842944588,Wino
2034207,-8.07571764579,-19.7080351572,-20.1086208845,3.68e+02,-6.21962064025,-104.219635661,-93.9422547965,Wino
2034262,-8.00138002614,-19.5632449201,-19.8986518936,9.84e+02,-4.53751153751,-104.885729794,-97.9293538284,Wino
2034343,-7.96043863576,-19.5886431108,-20.0652278335,2.41e+03,-7.13591137212,-109.498042868,-99.7285988719,Wino
2034428,-7.96618577802,-19.4535052921,-20.0541552342,2.45e+03,-7.27881896037,-107.243173248,-100.567056144,Wino
2034724,-8.00736806798,-19.5918637255,-20.0898686608,1.26e+03,-7.69082716707,-108.883147884,-98.703674299,Wino
2034757,-8.04095901242,-19.6114083215,-20.1135002653,5.15e+02,-6.05760434961,-101.036112355,-90.8059405723,Wino
2034772,-8.03785823474,-19.6114083215,-20.0563599676,1.28e+03,-3.56843330104,-102.712111034,-94.027552377,Wino
2035099,-7.89393213832,-19.604850921,-20.00962999,5.70e+02,-5.57538925989,-104.107352181,-100.25248759,Wino
2035573,-7.94339276849,-19.5918637255,-20.0222993073,7.31e+03,-5.31648133718,-107.401719539,-102.883961291,Wino
2035731,-7.99542762761,-19.5822328324,-20.0925261165,2.64e+03,-4.23360662956,-110.948732391,-101.148229653,Wino
2035810,-7.96330807819,-19.6015882753,-20.0094830428,4.22e+03,-5.44449987673,-108.31361466,-96.5430594673,Wino
2035895,-7.95187938237,-19.604850921,-20.0075258077,6.78e+02,-4.31250057203,-103.001143546,-96.4539316874,Wino
2036122,-8.00736806798,-19.604850921,-20.044116166,4.50e+03,-7.02092397709,-108.965939846,-98.7259800565,Wino
2036233,-7.93777477618,-19.6081242463,-20.0888076527,1.68e+03,-5.28638879568,-110.739756,-98.6818552516,Wino
2036423,-8.00138002614,-19.604850921,-19.69614955,6.68e+02,-6.40697999107,-105.779152335,-96.9621766645,Wino
2036934,-7.9806998209,-19.6081242463,-20.0155749309,1.66e+03,-2.34028696018,-102.062403982,-96.4774621848,Wino
203700,-8.00138002614,-19.595094746,-20.0195744425,4.02e+03,-6.14694944995,-108.201696743,-107.479562026,Wino
2037034,-7.99246466248,-19.6015882753,-20.0172024311,5.74e+03,-6.29256963989,-107.392947553,-107.206268691,Wino
2037243,-8.00138002614,-19.595094746,-20.0442175808,4.80e+03,-4.36615328552,-111.502250599,-102.40141644,Wino
20375,-7.96907178291,-19.5446108406,-19.9526947594,1.75e+03,-7.46987419714,-107.254515525,-99.8528061876,Wino
2038079,-7.87533930524,-19.4367918111,-19.9825673545,4.41e+03,-8.06611757206,-107.149915754,-101.891778465,Wino
2038472,-7.98951045058,-19.7639156156,-19.9338997986,4.67e+03,-7.61906643017,-110.035504449,-101.059101873,Wino
2038682,-7.95187938237,-19.6081242463,-20.0716700835,4.69e+02,-5.52647345969,-106.403422593,-95.7843150042,Wino
2039103,-8.11172808331,-19.30498843,-20.1786186647,2.06e+03,-4.29768548624,-110.555575131,-103.947614895,Wino
2039948,-8.1987394603,-19.4230741749,-20.132151382,5.29e+02,-6.57845153184,-108.691503,-96.586356273,Wino
2040082,-8.01339218259,-19.8109831265,-20.3332528334,1.69e+03,-4.05704877748,-106.717421974,-99.0012086679,Wino
204032,-7.99542762761,-19.59833624,-19.9652676841,7.28e+03,-6.46950034805,-109.240376691,-105.841953237,Wino
2040323,-7.98951045058,-19.6015882753,-20.0345283649,2.58e+03,-4.65436043018,-107.650519824,-99.9125611181,Wino
2040392,-7.97196614093,-19.595094746,-19.9713781614,4.11e+03,-6.19480547113,-108.435930981,-103.503000499,Wino
2041270,-7.99246466248,-19.6015882753,-20.047926275,1.62e+03,-4.24749574172,-109.767962484,-98.6605021271,Wino
2041395,-8.02249694958,-19.595094746,-19.9961037778,3.20e+03,-4.9982127741,-107.231958177,-101.313744092,Wino
2041745,-7.9074276198,-19.604850921,-19.9508454755,6.24e+02,-7.8596731885,-105.047620912,-98.7184893848,Wino
2041913,-7.9211077237,-19.604850921,-20.0398660078,5.38e+02,-4.32753844939,-104.241817717,-95.2000619119,Wino
2041965,-8.02555038707,-19.6015882753,-20.025773112,2.02e+03,-5.55708809551,-105.406090651,-99.0967168871,Wino
2042184,-7.88858453199,-19.7153079165,-20.0888076527,1.27e+03,-5.80914299031,-108.78186544,-98.4233723338,Wino
2042429,-7.89393213832,-19.6081242463,-20.0509337961,5.52e+02,-6.18991548583,-110.747228015,-96.3579170341,Wino
2042769,-7.97486890059,-19.6313425364,-20.079466476,9.11e+02,-3.03239625793,-102.501187594,-95.548552989,Wino
2043003,-8.04406943483,-19.595094746,-20.0824651368,8.48e+02,-6.48904494412,-114.241363392,-98.0869000972,Wino
204391,-7.9777801108,-19.6015882753,-19.9503836884,8.63e+02,-6.15163329926,-104.018300404,-96.2448398895,Wino
2043915,-8.04095901242,-19.5415386416,-20.0045483803,3.54e+03,-5.48464694474,-108.006387991,-100.771419801,Wino
2044102,-7.98656494035,-19.6015882753,-20.025573999,5.46e+03,-6.37712702792,-107.119559292,-102.855523356,Wino
2044118,-8.05345917518,-19.5143054911,-19.8968998126,1.14e+03,-4.92262441677,-105.461489431,-97.8325040024,Wino
2044852,-8.03785823474,-19.3597284629,-20.1156765447,4.05e+03,-4.17338776956,-109.993456213,-102.181244659,Wino
2044925,-7.97486890059,-19.6081242463,-19.8419807143,8.17e+02,-7.26300267093,-106.269891201,-97.3799595945,Wino
2045784,-8.00436956499,-19.604850921,-20.0208120971,2.14e+03,-7.16393868437,-106.368331273,-100.591038109,Wino
2046302,-8.06930736742,-19.3025700491,-20.1238800362,4.37e+03,-5.98747252584,-106.479280347,-96.0667200196,Wino
204632,-8.01339218259,-19.3444997422,-19.9835690957,6.25e+03,-4.85363154529,-108.320215344,-101.946737349,Wino
2046911,-7.98656494035,-19.604850921,-19.8925329934,4.89e+02,-6.36543098816,-103.83572975,-95.048442879,Wino
204726,-8.0194528072,-19.579043037,-20.1780387865,2.20e+03,-6.60027057923,-112.875859801,-100.043983547,Wino
2047322,-7.96043863576,-19.6900813536,-19.7774163028,3.87e+02,-5.69581430501,-100.238741669,-90.9948411002,Wino
2047358,-8.05031945518,-19.4877943656,-20.1568163094,1.75e+03,-3.89713439293,-106.921307709,-98.7800472778,Wino
2047614,-7.97196614093,-19.6081242463,-19.9794255421,9.01e+02,-4.44816643718,-104.192582614,-97.1424384884,Wino
204763,-7.98951045058,-19.59833624,-20.0544625798,2.64e+03,-5.07517381523,-110.865167313,-100.052446221,Wino
2048179,-8.00138002614,-19.6015882753,-20.0472648152,2.68e+03,-3.60086857679,-108.438412372,-102.366427449,Wino
204833,-7.91287722456,-19.604850921,-19.9961521068,4.66e+02,-6.45667965962,-104.403787045,-97.360579143,Wino
2048377,-7.98656494035,-19.5886431108,-20.0399669924,3.35e+03,-8.1807209548,-108.747438632,-103.7216897,Wino
2048746,-8.11172808331,-19.5323782722,-20.3359646995,3.17e+02,-5.95996588005,-107.170677746,-95.4165902241,Wino
2049306,-7.96907178291,-19.6147032174,-19.9989107293,3.62e+02,-6.50229017087,-103.323659571,-94.5202779592,Wino
2049422,-7.99246466248,-19.6015882753,-20.0179430805,4.43e+03,-4.24749574172,-106.329894567,-105.500203943,Wino
2049534,-8.02555038707,-19.5083530926,-20.5334722653,1.85e+03,-5.26681869949,-109.324119681,-99.0283051576,Wino
2049757,-8.00138002614,-19.604850921,-20.045638468,3.82e+03,-3.77226106305,-108.572476294,-100.714907591,Wino
2050867,-7.98362808068,-19.5569948998,-20.0866890079,4.42e+03,-3.66126428708,-109.237610438,-101.021074478,Wino
2051060,-8.01339218259,-19.5024359156,-20.1803603197,7.73e+02,-3.76360300031,-103.369469107,-95.8043557551,Wino
205118,-7.91014870991,-19.5854328351,-20.0101689811,5.44e+03,-5.25909665339,-107.843062935,-103.121632943,Wino
200039,-7.92940652651,-19.6213257582,-20.045638468,2.98e+02,-4.06867681547,-107.702705577,-98.2181664832,Higgsino
2000434,-8.01037558905,-19.604850921,-20.067457142,4.87e+02,-2.78062089394,-100.714907591,-93.2585863599,Higgsino
2000602,-8.08541077499,-19.4451136344,-19.7612372134,4.64e+02,-3.04282388109,-103.074004894,-95.3921656721,Higgsino
2000723,-7.93777477618,-19.604850921,-20.0397145501,9.10e+02,-4.70168108637,-104.128822866,-95.7116252709,Higgsino
2000924,-7.96907178291,-19.604850921,-20.0538991851,6.53e+02,-4.52820914485,-108.163230463,-98.7487947343,Higgsino
2000956,-7.96043863576,-19.604850921,-19.9713781614,4.67e+02,-2.2827824657,-101.444992378,-94.6791107339,Higgsino
2001508,-7.92663259963,-19.6180090056,-20.0058163639,4.81e+02,-3.32423634053,-107.67917508,-100.54363587,Higgsino
2001517,-7.9806998209,-19.604850921,-20.0361367287,4.38e+02,-2.47693848014,-107.816034263,-99.7811872236,Higgsino
2001799,-7.89930849536,-19.6448562556,-20.1867724664,3.35e+02,-4.91988093083,-105.779152335,-95.6000112862,Higgsino
2002142,-8.06611757206,-19.6081242463,-20.1222339453,4.40e+02,-5.54166362518,-103.361686966,-92.1215676904,Higgsino
2002170,-8.08216928107,-19.604850921,-19.9973127047,4.04e+02,-4.41454982638,-100.620596911,-91.6979386117,Higgsino
2002359,-7.96907178291,-19.6213257582,-20.1850196176,3.38e+02,-5.60212882093,-104.971124879,-94.2749605503,Higgsino
2002670,-8.02249694958,-19.6081242463,-20.1997214408,5.79e+02,-4.7205810375,-104.76518269,-94.9646051004,Higgsino
2002741,-7.98656494035,-19.6081242463,-19.7244738836,3.67e+02,-5.6722838076,-104.024297423,-93.5906239995,Higgsino
2002955,-8.03785823474,-19.6213257582,-20.068807511,3.91e+02,-6.20962055691,-107.508549563,-96.7736459025,Higgsino
2003204,-7.98656494035,-19.604850921,-20.0547187733,2.69e+02,-5.37088805938,-105.135012734,-94.6595915716,Higgsino
2003391,-7.92940652651,-19.604850921,-19.9531576153,4.07e+02,-4.47414192358,-102.728437927,-93.8578674042,Higgsino
2003404,-8.19510969225,-19.5632449201,-20.1670845115,7.74e+02,-3.19174715748,-105.664272059,-97.9361565757,Higgsino
2003837,-7.86747556878,-19.7044185167,-19.9643309158,3.62e+02,-4.37405846502,-106.158441308,-97.9125467101,Higgsino
2004193,-7.94621364483,-19.9531576153,-20.2772987855,3.34e+02,-3.71317214668,-104.495805943,-95.3841549483,Higgsino
2004495,-7.97196614093,-19.6180090056,-20.1590890377,3.80e+02,-6.28717879126,-105.929975225,-94.3960384819,Higgsino
2004611,-7.94621364483,-19.6081242463,-20.0663159447,5.30e+02,-2.21640739675,-104.843911855,-97.6149143068,Higgsino
2004687,-7.98362808068,-19.6551127558,-19.4479030365,3.86e+02,-6.01575723968,-106.00120952,-95.3148075298,Higgsino
2004983,-8.0194528072,-19.6015882753,-20.0335645868,5.55e+02,-4.14143616976,-101.853312184,-93.0097441208,Higgsino
2005086,-7.87271118284,-19.6585551,-20.0645548337,3.27e+02,-3.402197882,-105.014696127,-97.7055325407,Higgsino
2005093,-7.96618577802,-19.6313425364,-19.6147032174,4.21e+02,-6.20465776757,-105.130456917,-94.3290277716,Higgsino
2005170,-8.04406943483,-19.6015882753,-20.0935910793,3.67e+02,-3.6381863398,-104.448738433,-95.9110667099,Higgsino
2005283,-7.97486890059,-19.6380765686,-19.9559392582,2.18e+02,-3.06615473785,-103.02854252,-95.5643511058,Higgsino
2005541,-7.94339276849,-19.6654755428,-19.7153079165,4.61e+02,-5.48464694474,-100.881961675,-90.9981468884,Higgsino
2005732,-8.08866281038,-19.6015882753,-19.9905614614,3.44e+02,-3.20152718653,-100.331665619,-93.1618342188,Higgsino
2005895,-7.96907178291,-19.6081242463,-19.9906095233,4.03e+02,-3.75930191841,-104.975008379,-96.9909368167,Higgsino
2005947,-8.07571764579,-19.59833624,-20.0531314307,3.31e+02,-4.50081017066,-106.507701443,-97.299164498,Higgsino
2006261,-8.04095901242,-19.604850921,-20.0856313663,4.96e+02,-4.91577976308,-106.301639899,-96.4854303544,Higgsino
2006264,-7.97196614093,-19.604850921,-20.163650049,3.58e+02,-4.51899248975,-104.532619917,-94.7070939055,Higgsino
200645,-7.98656494035,-19.6147032174,-19.9685533007,2.71e+02,-3.36679595494,-102.908293392,-95.1631413233,Higgsino
2006510,-8.14218729079,-19.4340331887,-20.1539826436,1.79e+02,-5.58068027752,-108.595465812,-98.703674299,Higgsino
2006600,-8.00436956499,-19.4819972479,-20.0699515569,4.70e+02,-2.74575206829,-105.347934731,-97.3192198648,Higgsino
2006625,-8.03168537563,-19.5918637255,-20.3285246922,2.60e+02,-3.12129549653,-100.635710549,-92.6158974006,Higgsino
2006639,-8.03785823474,-19.604850921,-20.0973274061,4.25e+02,-4.08044165705,-108.201696743,-99.5269971643,Higgsino
2006800,-7.91014870991,-19.6081242463,-20.0135073906,2.02e+02,-6.1802066717,-100.720417246,-89.9787498353,Higgsino
2006877,-7.9074276198,-19.779359938,-19.9284650027,1.88e+02,-6.38896148557,-105.89911165,-95.4529578683,Higgsino
200706,-7.99246466248,-19.604850921,-20.0389576051,3.22e+02,-4.58536755869,-106.439790237,-96.9699386699,Higgsino
2007101,-8.01037558905,-19.604850921,-20.0011911213,6.52e+02,-2.54465665419,-106.105243856,-98.9341979576,Higgsino
2007182,-7.98951045058,-19.6015882753,-20.018931467,5.74e+02,-2.44184716033,-104.749532918,-97.1963342566,Higgsino
2007187,-7.95187938237,-19.6213257582,-20.0026494144,3.74e+02,-3.4737680745,-101.006259392,-91.5100768745,Higgsino
2007271,-7.91287722456,-19.6585551,-19.9924857416,3.44e+02,-5.40813223256,-101.274523379,-91.4774652889,Higgsino
2007454,-7.92940652651,-19.6147032174,-20.048282627,6.43e+02,-4.61522052184,-106.659153066,-96.7125819271,Higgsino
2007511,-7.96043863576,-19.6585551,-20.1080801979,3.74e+02,-4.51899248975,-101.643638013,-92.2087642354,Higgsino
2007554,-7.9547243345,-19.6180090056,-19.8675747272,4.68e+02,-4.24749574172,-103.244765628,-94.5815333853,Higgsino
2007709,-8.18429877614,-19.604850921,-20.1097031357,3.54e+02,-4.37405846502,-101.066884014,-91.9378892813,Higgsino
2007710,-8.00436956499,-19.604850921,-20.0453845901,4.50e+02,-5.91450350597,-108.848858811,-98.2002287825,Higgsino
2007999,-7.98362808068,-19.6081242463,-20.047417421,5.65e+02,-2.64085895156,-104.167976803,-97.078189361,Higgsino
2008314,-7.95757740348,-19.5601150271,-19.8069751051,3.98e+02,-3.4737680745,-100.150593282,-93.0247069935,Higgsino
2008357,-7.94904250103,-19.6246535483,-19.9965871732,4.56e+02,-4.67344902674,-102.462597597,-92.1064082288,Higgsino
200856,-8.00436956499,-19.6015882753,-20.000608399,3.63e+02,-3.20892549402,-104.978907019,-97.5227594147,Higgsino
2008996,-7.94339276849,-19.6347038841,-20.0630551566,4.27e+02,-6.48248754358,-105.412096675,-94.5767771337,Higgsino
200905,-7.92940652651,-19.6313425364,-20.0316398128,3.56e+02,-4.29035944615,-105.931999517,-96.6503049976,Higgsino
2009102,-8.0164179035,-19.595094746,-20.0108063454,1.28e+03,-5.21397621811,-100.113779309,-91.2792282768,Higgsino
2009126,-8.19510969225,-19.5053901275,-20.0767910646,3.18e+02,-2.68238245435,-103.756741338,-96.6503049976,Higgsino
2009139,-8.02555038707,-19.604850921,-19.9550111839,3.36e+02,-2.97397078177,-104.680540047,-96.9094668481,Higgsino
2009258,-7.87533930524,-19.6936464198,-19.8851528861,6.92e+02,-6.21962064025,-105.728293918,-95.4083822437,Higgsino
2009266,-7.90200755233,-19.6180090056,-20.0614545367,3.36e+02,-4.19306053516,-106.868244864,-97.1090514723,Higgsino
2009459,-7.97196614093,-19.604850921,-20.0226962706,3.39e+02,-3.35526844977,-102.5795923,-95.5391925462,Higgsino
2009473,-7.99246466248,-19.6015882753,-20.0231926963,7.36e+02,-5.49433225047,-107.143089789,-97.2464282019,Higgsino
2009799,-8.00138002614,-19.6114083215,-20.0671976646,3.22e+02,-4.67130998849,-106.255786594,-96.3649842014,Higgsino
2009997,-8.10177775245,-19.5918637255,-20.0946571775,5.28e+02,-2.27302629075,-101.509758976,-94.3571986486,Higgsino
2010216,-8.11506698457,-19.6114083215,-20.0564626317,4.50e+02,-6.0661880933,-108.413871263,-98.1869835558,Higgsino
2010323,-8.14908386985,-19.5601150271,-20.1466524726,4.14e+02,-4.12274403674,-108.32464013,-98.828837442,Higgsino
2010345,-8.01037558905,-19.5538844774,-20.2888893853,1.36e+02,-5.23628197563,-101.255475184,-91.04909169,Higgsino
2010558,-8.06293791914,-19.6114083215,-19.8586895408,2.52e+02,-6.01986402163,-101.904334684,-90.6060153111,Higgsino
2011102,-7.93497757156,-19.6081242463,-20.055180087,2.28e+02,-3.86323284126,-106.137070288,-97.1301683958,Higgsino
2011194,-7.96618577802,-19.6180090056,-20.1365909009,3.16e+02,-5.38605628086,-102.558538891,-90.94025291,Higgsino
2011388,-8.0286131766,-19.6180090056,-20.0835194331,2.22e+02,-5.03749274827,-107.228247598,-97.4530143807,Higgsino
2011669,-8.10177775245,-19.6114083215,-20.2545129896,2.62e+02,-5.11933471102,-103.975865361,-93.6358805911,Higgsino
2011838,-7.92663259963,-19.6936464198,-19.9873465645,2.58e+02,-5.63799473412,-107.341872623,-97.8701259942,Higgsino
2011913,-8.05345917518,-19.6015882753,-20.0630551566,3.80e+02,-2.44876760317,-105.695770726,-97.764126705,Higgsino
2012051,-7.88592141457,-19.604850921,-20.0197723643,3.50e+02,-4.8704386636,-107.569174185,-100.856319245,Higgsino
2012084,-7.998399398,-19.5758633841,-20.1410502171,4.82e+02,-3.89713439293,-107.726803129,-98.7487947343,Higgsino
2012196,-7.9777801108,-19.6180090056,-19.9941242962,2.88e+02,-3.35526844977,-106.438108151,-98.625896598,Higgsino
2012202,-8.01339218259,-19.604850921,-20.1282829052,3.68e+02,-4.86783449546,-104.417061576,-94.5441021149,Higgsino
2012491,-7.9777801108,-19.6114083215,-20.0092871468,3.62e+02,-3.64965874096,-105.870124114,-98.0179072257,Higgsino
2012532,-7.96330807819,-19.6081242463,-20.0085528785,5.85e+02,-3.31869616015,-104.797236716,-97.2584869182,Higgsino
2012556,-8.12853520162,-19.6180090056,-20.0602686333,2.84e+02,-5.84304454199,-106.704176747,-95.9155813902,Higgsino
201264,-7.96330807819,-19.6482634139,-20.2322348405,4.90e+02,-5.19395735122,-105.487131861,-95.1890607008,Higgsino
201266,-7.96330807819,-19.604850921,-20.043659927,5.80e+02,-2.90589156955,-105.370792869,-96.9217671262,Higgsino
2012867,-7.94621364483,-19.4591391098,-19.9853365136,4.62e+02,-2.29263476214,-105.086005155,-98.4983353723,Higgsino
2012868,-8.06611757206,-19.9257586411,-20.8175765164,2.99e+02,-3.27016911926,-102.155391281,-93.664051468,Higgsino
2012903,-7.96043863576,-19.6081242463,-20.0695874003,3.49e+02,-3.70095203535,-106.376199135,-97.4321802938,Higgsino
2013040,-8.19510969225,-19.5663846402,-20.0851029647,3.54e+02,-3.49660756647,-104.171455067,-95.6897265856,Higgsino
2013041,-7.86226722368,-19.6147032174,-19.9239584606,5.29e+02,-6.53619172255,-105.094738835,-94.0839053136,Higgsino
2013177,-8.0164179035,-19.6081242463,-20.034317459,4.22e+02,-5.27655587477,-104.102462196,-93.5995129469,Higgsino
201318,-7.94621364483,-19.6347038841,-19.899090394,3.64e+02,-4.57561138375,-105.022826253,-96.025477061,Higgsino
2013185,-7.97196614093,-19.604850921,-20.0185359951,6.08e+02,-3.82126864216,-104.573441911,-96.8094998243,Higgsino
2013314,-7.9547243345,-19.6081242463,-20.0753775628,4.93e+02,-2.31668401737,-104.287714874,-96.9634661554,Higgsino
2013472,-7.87008994936,-19.6147032174,-20.001920002,5.86e+02,-3.22388836669,-100.581376198,-93.4698954536,Higgsino
201352,-7.96330807819,-19.6147032174,-19.8920973585,4.44e+02,-5.5940316107,-107.006586626,-96.7483547758,Higgsino
2013550,-8.10508354059,-19.538475852,-19.9662053306,4.08e+02,-4.92262441677,-106.050162564,-96.509723047,Higgsino
2013608,-8.19510969225,-19.5293433685,-19.9615258649,2.63e+02,-5.40590257723,-105.347934731,-95.6267687354,Higgsino
2014286,-7.95757740348,-19.6380765686,-19.9935456762,3.68e+02,-4.29035944615,-104.471995295,-95.7006159853,Higgsino
2014322,-8.00736806798,-19.6081242463,-20.0389576051,3.60e+02,-3.93222571275,-106.35277886,-97.6735298096,Higgsino
201453,-8.09519878136,-19.5854328351,-19.8838561494,2.04e+02,-3.3696987146,-105.540477842,-97.5386869414,Higgsino
2014583,-7.95187938237,-19.6448562556,-20.2255254527,4.16e+02,-5.30634953825,-107.914014671,-97.5760744735,Higgsino
2014672,-7.998399398,-19.595094746,-19.9329919457,3.04e+02,-4.78310139448,-105.964958216,-95.9246723619,Higgsino
2014909,-7.94621364483,-19.6081242463,-19.9226104487,3.29e+02,-4.67666618769,-105.480659347,-96.8352715588,Higgsino
2014969,-7.98362808068,-19.6829891253,-20.062848481,3.42e+02,-5.86747856733,-106.214628522,-95.044647808,Higgsino
2015048,-8.03476704217,-19.5854328351,-20.1037651966,4.16e+02,-2.7120582225,-106.250199988,-98.6465158852,Higgsino
2015092,-7.99246466248,-19.6015882753,-20.066212264,6.41e+02,-3.89713439293,-108.4686795,-99.8739089637,Higgsino
2015198,-8.03168537563,-19.6180090056,-20.1763011666,1.04e+03,-3.17246945205,-106.349697194,-97.2481419984,Higgsino
2015311,-8.00138002614,-19.604850921,-19.9643309158,1.90e+02,-4.0341906394,-105.929975225,-97.3340624378,Higgsino
2015394,-8.03785823474,-19.604850921,-20.1118711583,3.72e+02,-3.83506196429,-104.453346736,-95.8499122867,Higgsino
201547,-8.00138002614,-19.6081242463,-20.0796766152,4.20e+02,-2.84558961512,-103.103505558,-95.4165902241,Higgsino
2015521,-7.90471391392,-19.6114083215,-20.0079169484,7.20e+02,-4.59521985513,-105.908963947,-97.1165421441,Higgsino
2015574,-8.00736806798,-19.604850921,-20.0408257735,4.03e+02,-4.35831010806,-107.906688631,-98.7487947343,Higgsino
2015581,-7.96907178291,-19.6516822207,-20.2538874031,3.93e+02,-4.50081017066,-105.648887141,-96.1546887925,Higgsino
2015587,-7.92940652651,-19.6147032174,-20.0158706431,1.37e+02,-4.27586643885,-102.143857127,-93.7433008397,Higgsino
2015742,-7.98951045058,-19.604850921,-20.1711063497,2.35e+02,-6.25023527607,-105.52687219,-93.9174087979,Higgsino
2015785,-8.06611757206,-19.6015882753,-20.0622803432,2.85e+02,-3.45459815839,-106.586393712,-98.5103837108,Higgsino
2015999,-8.0286131766,-19.6414606666,-20.0914622866,4.28e+02,-5.6607229852,-103.369469107,-91.2575354522,Higgsino
2016058,-8.00436956499,-19.5083530926,-20.0824651368,3.65e+02,-5.24572491643,-110.277224386,-99.5387917408,Higgsino
2016229,-7.99246466248,-19.6380765686,-20.0072325526,3.40e+02,-6.25023527607,-104.731070855,-93.9359851835,Higgsino
2016256,-8.14218729079,-19.5918637255,-20.7103496117,2.42e+02,-4.35831010806,-101.284185289,-91.9990437044,Higgsino
2016325,-7.94057982711,-19.604850921,-20.0378988437,8.29e+02,-4.2615804816,-108.566810556,-98.4289433789,Higgsino
2016553,-7.96907178291,-19.604850921,-20.0422418462,4.30e+02,-5.69284253462,-104.525147902,-93.0247069935,Higgsino
2016701,-8.07250737015,-19.5293433685,-19.9508454755,2.79e+02,-3.61562899237,-106.881248948,-98.3640557567,Higgsino
201679,-8.01037558905,-19.6015882753,-20.0242359932,1.35e+03,-2.52823177453,-106.749027313,-99.6403928536,Higgsino
2016938,-8.08541077499,-19.5263176476,-20.131044575,4.92e+02,-3.69288747551,-101.340088067,-92.9153344363,Higgsino
2016981,-7.98656494035,-19.6015882753,-20.0273275551,1.37e+03,-6.19480547113,-103.596526557,-93.158956519,Higgsino
2016991,-7.94621364483,-19.6724442121,-19.9970224289,4.29e+02,-5.08320598693,-105.908963947,-96.4084693133,Higgsino
2016994,-8.08216928107,-19.604850921,-19.851972471,9.63e+01,-4.97913662704,-104.13216735,-94.735882734,Higgsino
2016996,-8.01037558905,-19.604850921,-20.0554364644,4.17e+02,-3.72140264582,-104.230665185,-95.654261876,Higgsino
2017003,-7.89125476055,-19.5415386416,-19.9531576153,4.55e+02,-3.1190304899,-105.430334263,-98.2272574549,Higgsino
2017087,-8.01037558905,-19.5663846402,-20.3198027315,3.58e+02,-3.6082215511,-103.393185633,-94.7569657356,Higgsino
2017175,-8.06611757206,-19.6015882753,-20.0638305709,6.20e+02,-3.66126428708,-103.996126546,-95.3762078867,Higgsino
2017419,-8.0164179035,-19.6654755428,-20.3400463378,3.15e+02,-4.16691525506,-103.558060277,-94.3383301643,Higgsino
2017581,-7.93497757156,-19.7716079612,-20.2875948868,3.79e+02,-6.31996861408,-107.914014671,-96.33013747,Higgsino
2017664,-7.91835669033,-19.6313425364,-20.0126226088,3.10e+02,-6.26065203692,-107.764074524,-98.1652907312,Higgsino
2017680,-8.01037558905,-19.604850921,-20.054616288,4.29e+02,-2.63387080293,-104.701038568,-97.1347520555,Higgsino
2017731,-7.93777477618,-19.6380765686,-19.6822826611,4.13e+02,-4.60617068632,-104.348217194,-95.4444471786,Higgsino
2017773,-8.02249694958,-19.6147032174,-19.983091951,3.79e+02,-4.17990245058,-107.22086749,-97.9192356982,Higgsino
2017881,-7.9211077237,-19.7044185167,-20.0600110143,4.69e+02,-3.06401111431,-106.002295887,-97.7583960302,Higgsino
2018103,-8.07571764579,-19.6213257582,-19.8705540867,3.57e+02,-5.5940316107,-104.868092653,-94.6634650432,Higgsino
2018129,-7.98656494035,-19.604850921,-20.0183877335,5.29e+02,-5.84304454199,-103.964469226,-93.4314291728,Higgsino
2018146,-7.98951045058,-19.6180090056,-20.0626418481,4.16e+02,-2.99373427089,-105.365029164,-97.1501844605,Higgsino
2018367,-8.10177775245,-19.5601150271,-20.131044575,2.84e+02,-3.42038020108,-107.293280068,-99.3015112998,Higgsino
2018606,-8.03168537563,-19.6620093348,-20.2501420804,4.08e+02,-4.44816643718,-100.901634441,-91.8257719832,Higgsino
2018699,-7.94339276849,-19.6516822207,-19.9647991903,5.09e+02,-6.50897915902,-106.096845486,-94.9268647724,Higgsino
2018716,-7.93777477618,-19.6147032174,-20.0237887327,4.51e+02,-4.49184150068,-105.347934731,-95.7415900596,Higgsino
2018756,-7.97486890059,-19.6246535483,-19.9499221144,4.69e+02,-4.88356221153,-107.451391149,-98.4068430319,Higgsino
2018883,-7.97486890059,-19.7008149092,-20.1920495235,4.57e+02,-3.8584822385,-106.902413759,-97.4807642937,Higgsino
2018990,-7.96330807819,-19.6180090056,-19.9925338961,3.33e+02,-5.01615047478,-103.944833252,-94.4272124492,Higgsino
2019038,-7.95757740348,-19.6081242463,-20.0521086743,4.80e+02,-2.70306265959,-107.371348441,-99.24561631,Higgsino
2019127,-8.02249694958,-19.604850921,-20.1410502171,3.70e+02,-3.8537540973,-104.469645117,-95.7492236844,Higgsino
2019192,-7.9547243345,-19.6620093348,-20.0473156812,2.78e+02,-5.7260280836,-104.37989883,-93.3871414926,Higgsino
2019315,-8.15951874714,-19.579043037,-20.0983974971,2.87e+02,-5.13960567539,-106.477530565,-96.6316128646,Higgsino
2019335,-8.1630213777,-19.604850921,-20.0625901965,3.05e+02,-5.36019277027,-105.938097097,-95.7685666473,Higgsino
2019424,-8.04095901242,-19.6147032174,-20.0510869628,2.73e+02,-6.02812853148,-106.392123038,-95.606633827,Higgsino
2019680,-7.95187938237,-19.6516822207,-20.0173505171,3.75e+02,-6.0923904657,-104.925662505,-94.4657388172,Higgsino
2019717,-7.93497757156,-19.6246535483,-19.7627668504,4.48e+02,-4.08044165705,-101.274523379,-92.8974768189,Higgsino
201982,-7.98951045058,-19.6015882753,-20.0219520937,9.30e+02,-6.41917526416,-105.989336742,-95.3172920031,Higgsino
2020211,-7.9806998209,-19.59833624,-20.0397145501,3.78e+02,-2.68238245435,-105.540477842,-97.8637565459,Higgsino
2020278,-7.93497757156,-19.604850921,-20.041988829,7.32e+02,-3.28341434601,-104.900066958,-96.0154267252,Higgsino
2020801,-8.02249694958,-19.6147032174,-20.4062677102,3.17e+02,-4.8270645179,-105.448910648,-95.7415900596,Higgsino
2020833,-7.98656494035,-19.6081242463,-20.0086507498,3.81e+02,-4.72508048266,-103.635512004,-94.4251716322,Higgsino
2020907,-8.07893826049,-19.59833624,-20.0010939773,2.06e+02,-3.03655426807,-102.05398288,-94.3290277716,Higgsino
202097,-7.9547243345,-19.6313425364,-20.0930584562,3.85e+02,-4.31999124375,-103.034113565,-93.649866833,Higgsino
20210,-7.93218816948,-19.8477970996,-19.7669854569,4.43e+02,-3.90703546392,-103.401217805,-95.3148075298,Higgsino
202115,-8.00138002614,-19.6114083215,-20.0219520937,3.86e+02,-5.86747856733,-106.090889542,-95.3527387521,Higgsino
2021188,-8.08216928107,-19.4451136344,-20.2086474149,2.90e+02,-2.97006452681,-107.870842499,-99.6441522565,Higgsino
2021285,-7.92940652651,-19.5886431108,-19.912780164,3.58e+02,-4.97333950935,-104.743340948,-95.6969729941,Higgsino
202130,-7.97486890059,-19.6180090056,-20.3332528334,3.09e+02,-4.72846840233,-101.459926602,-91.7740999726,Higgsino
2022010,-7.96043863576,-19.6654755428,-20.2104422105,3.30e+02,-3.07694232898,-105.130456917,-95.9858679229,Higgsino
2022300,-7.95757740348,-19.6279924495,-20.0603716996,3.05e+02,-5.24193703311,-104.686354017,-94.4110013546,Higgsino
2022506,-8.08866281038,-19.59833624,-20.0118858881,2.57e+02,-3.96859335692,-103.808701077,-95.2902964988,Higgsino
2022535,-8.04406943483,-19.6081242463,-20.0973274061,3.51e+02,-4.02295456614,-106.935025345,-98.1232677414,Higgsino
202303,-8.0286131766,-19.6759468427,-20.4624412187,3.96e+02,-6.66873837851,-108.047546064,-97.0110312638,Higgsino
2023492,-7.94904250103,-19.6081242463,-20.0438119835,4.65e+02,-3.8584822385,-107.714681768,-98.3382145255,Higgsino
2023828,-8.01339218259,-19.6114083215,-20.1010777453,4.32e+02,-2.83021783508,-104.439585051,-96.4854303544,Higgsino
202412,-7.9547243345,-19.6448562556,-20.1102447009,4.64e+02,-3.31869616015,-102.869641237,-94.4354176234,Higgsino
2024173,-8.01339218259,-19.6213257582,-20.1444078028,2.96e+02,-5.04057917047,-101.836304972,-91.5727754687,Higgsino
2024381,-7.99246466248,-19.6246535483,-20.0175973758,2.80e+02,-6.85896511481,-109.408942873,-97.8233155763,Higgsino
2024409,-8.08866281038,-19.604850921,-19.9466970482,4.01e+02,-4.69072807435,-104.731070855,-95.4529578683,Higgsino
2024410,-8.0286131766,-19.6829891253,-20.1043035546,4.03e+02,-4.12274403674,-102.164715357,-92.9998918243,Higgsino
2024950,-7.94621364483,-19.6213257582,-20.0428999908,3.90e+02,-3.21140381003,-105.641282541,-97.2328225498,Higgsino
2025008,-7.94057982711,-19.7337246433,-20.0559494164,5.03e+02,-3.37260992481,-105.908963947,-97.4614710907,Higgsino
2025063,-7.96330807819,-19.604850921,-20.0941239864,3.48e+02,-3.4082219966,-104.421525869,-95.6969729941,Higgsino
2025105,-8.03785823474,-19.6180090056,-19.7673698505,2.52e+02,-5.17787121347,-102.918194463,-93.0196944516,Higgsino
2025231,-7.99246466248,-19.6081242463,-20.0703158461,5.09e+02,-4.13516655674,-103.46790918,-95.4996135599,Higgsino
2025425,-7.87271118284,-19.6724442121,-19.879975998,5.36e+02,-5.81583197846,-108.730659715,-98.3959733597,Higgsino
2025436,-7.9211077237,-19.6180090056,-19.9489996051,3.80e+02,-3.70500883604,-103.97015106,-95.8584229764,Higgsino
2025448,-8.07571764579,-19.6147032174,-20.0697954735,4.44e+02,-3.42344299061,-102.112251788,-93.9549131934,Higgsino
2025450,-8.15951874714,-19.523301054,-20.0548725209,3.20e+02,-3.75930191841,-105.870124114,-97.3567477207,Higgsino
2025455,-8.0286131766,-19.6015882753,-20.0581066929,5.68e+02,-2.30258509299,-100.581376198,-93.3835378851,Higgsino
2025739,-7.9547243345,-19.6081242463,-20.0362373374,3.43e+02,-6.48248754358,-109.360933654,-97.0942363866,Higgsino
2025748,-7.89661670369,-19.604850921,-20.0415841345,4.28e+02,-3.480240589,-105.761910529,-96.6887712785,Higgsino
202586,-8.06293791914,-19.5569948998,-20.0410279469,3.50e+02,-4.16691525506,-104.474351008,-95.7264954333,Higgsino
2026122,-8.00736806798,-19.6081242463,-20.3704985178,4.65e+02,-4.29768548624,-103.951801921,-94.5923183909,Higgsino
2026462,-7.998399398,-19.890356714,-20.0983974971,3.94e+02,-2.76780020551,-106.332915717,-98.1109976488,Higgsino
2026666,-7.96043863576,-19.6313425364,-20.0935910793,4.45e+02,-4.00085421913,-104.660453288,-96.1897801123,Higgsino
202699,-7.95757740348,-19.6724442121,-19.6791097341,4.22e+02,-6.01575723968,-103.881597662,-93.1195147869,Higgsino
2027,-7.96043863576,-19.6482634139,-19.6114083215,6.20e+02,-5.39482826693,-104.850761197,-94.8522759154,Higgsino
